<?xml version="1.0" encoding="utf-8"?>
  <achievement>
  <item achi_value="10" award="" catalog="角色" id="0x11040001" lua_script="IsSaveLevelUp(5)" name="5级" sub_catalog="" suffix="1|5" target="升到5级"/>
  <item achi_value="10" award="" catalog="角色" id="0x11040002" lua_script="IsSaveLevelUp(10)" name="10级" sub_catalog="" suffix="1|10" target="升到10级"/>
  <item achi_value="10" award="" catalog="角色" id="0x11040003" lua_script="IsSaveLevelUp(15)" name="15级" sub_catalog="" suffix="1|15" target="升到15级"/>
  <item achi_value="20" award="美食达人_0x14c00130_1个" catalog="角色" id="0x11040004" lua_script="IsSaveLevelUp(20)" name="20级" sub_catalog="" suffix="1|20" target="升到20级"/>
  <item achi_value="20" award="" catalog="角色" id="0x11040005" lua_script="IsSaveLevelUp(25)" name="25级" sub_catalog="" suffix="1|25" target="升到25级"/>
  <item achi_value="20" award="" catalog="角色" id="0x11040006" lua_script="IsSaveLevelUp(30)" name="30级" sub_catalog="" suffix="1|30" target="升到30级"/>
  <item achi_value="20" award="" catalog="角色" id="0x11040007" lua_script="IsSaveLevelUp(35)" name="35级" sub_catalog="" suffix="1|35" target="升到35级"/>
  <item achi_value="30" award="美食之星_0x14c01030_1个" catalog="角色" id="0x11040008" lua_script="IsSaveLevelUp(40)" name="40级" sub_catalog="" suffix="1|40" target="升到40级"/>
  <item achi_value="40" award="" catalog="角色" id="0x11040009" lua_script="IsSaveLevelUp(45)" name="45级" sub_catalog="" suffix="1|45" target="升到45级"/>
  <item achi_value="40" award="" catalog="角色" id="0x11040010" lua_script="IsSaveLevelUp(50)" name="50级" sub_catalog="" suffix="1|50" target="升到50级"/>
  <item achi_value="40" award="" catalog="角色" id="0x11040011" lua_script="IsSaveLevelUp(55)" name="55级" sub_catalog="" suffix="1|55" target="升到55级"/>
  <item achi_value="40" award="" catalog="角色" id="0x11040012" lua_script="IsSaveLevelUp(60)" name="60级" sub_catalog="" suffix="1|60" target="升到60级"/>
  <item achi_value="10" award="" catalog="角色" id="0x11060001" lua_script="IsLocalTask(4)|IsHP(30)" name="强壮了" sub_catalog="" suffix="" target="体力值达到30点"/>
  <item achi_value="10" award="" catalog="角色" id="0x11060002" lua_script="IsLocalTask(4)|IsHP(50)" name="更加强壮" sub_catalog="" suffix="" target="体力值达到50点"/>
  <item achi_value="20" award="" catalog="角色" id="0x11060003" lua_script="IsLocalTask(4)|IsHP(70)" name="不怕老鼠咬了" sub_catalog="" suffix="" target="体力值达到70点"/>
  <item achi_value="20" award="防御专家_0x14c00230_1个" catalog="角色" id="0x11060004" lua_script="IsLocalTask(4)|IsHP(100)" name="肉盾" sub_catalog="" suffix="" target="体力值达到100点"/>
  <item achi_value="10" award="" catalog="角色" id="0x11060005" lua_script="IsLocalTask(4)|GetItem(0x14110b00)" name="尝尝冰弹的厉害" sub_catalog="" suffix="" target="拥有第1把冰块枪"/>
  <item achi_value="10" award="" catalog="角色" id="0x11060006" lua_script="IsLocalTask(4)|GetItem(0x14110200)" name="漫天小星星" sub_catalog="" suffix="" target="拥有第1把星星枪"/>
  <item achi_value="10" award="" catalog="角色" id="0x11060007" lua_script="IsLocalTask(4)|GetItem(0x14110400)" name="三路防守" sub_catalog="" suffix="" target="拥有1把钢爪枪"/>
  <item achi_value="10" award="" catalog="角色" id="0x11060008" lua_script="IsLocalTask(4)|GetItem(0x14110300)" name="前后无忧" sub_catalog="" suffix="" target="拥有1把双向水枪"/>
  <item achi_value="10" award="" catalog="角色" id="0x11060009" lua_script="IsLocalTask(4)|GetItem(0x14120100)" name="镇守一方" sub_catalog="" suffix="" target="拥有第1把威武枪"/>
  <item achi_value="10" award="" catalog="角色" id="0x11060010" lua_script="IsLocalTask(4)|GetItem(0x14110600)" name="无视障碍" sub_catalog="" suffix="" target="拥有第1把泡泡枪"/>
  <item achi_value="10" award="" catalog="角色" id="0x11060011" lua_script="IsLocalTask(4)|GetItem(0x14120200)" name="看你走得动吗" sub_catalog="" suffix="" target="拥有第1把冰威武枪"/>
  <item achi_value="10" award="" catalog="角色" id="0x11060012" lua_script="IsLocalTask(4)|GetItem(0x14110800)" name="会飞的冰炸弹" sub_catalog="" suffix="" target="拥有第1把冰勺弩枪"/>
  <item achi_value="10" award="" catalog="角色" id="0x11060013" lua_script="IsLocalTask(4)|GetItem(0x14110900)" name="三路减速防守" sub_catalog="" suffix="" target="拥有第1把冰三路枪"/>
  <item achi_value="10" award="" catalog="角色" id="0x11060014" lua_script="IsLocalTask(4)|GetItem(0x14120300)" name="全屏跟踪" sub_catalog="" suffix="" target="拥有第1把海神标枪"/>
  <item achi_value="20" award="武器专家_0x14c00330_1个" catalog="角色" id="0x1106000a" lua_script="IsLocalTask(4)|GetItemTypeCount(0x14100000,5)" name="武器库" sub_catalog="" suffix="" target="同时拥有5种不同的武器"/>
  <item achi_value="20" award="武器大师_0x14c01130_1个" catalog="角色" id="0x11060015" lua_script="IsLocalTask(4)|GetItemTypeCount(0x14100000,10)" name="武器大师" sub_catalog="" suffix="" target="同时拥有10种不同的武器"/>
  <item achi_value="10" award="" catalog="角色" id="0x1106000b" lua_script="IsLocalTask(6)|UseItem(0x13120010)" name="升级加速了" sub_catalog="" suffix="" target="使用第1张双倍经验卡"/>
  <item achi_value="20" award="" catalog="角色" id="0x1106000c" lua_script="IsLocalTask(6)|UseItem(0x13120010)|CheckTimes(20)" name="练级狂" sub_catalog="" suffix="1|20" target="累计使用20张双倍经验卡"/>
  <item achi_value="10" award="" catalog="角色" id="0x1106000d" lua_script="IsLocalTask(6)|UseItem(0x13120020)" name="掉落更多" sub_catalog="" suffix="" target="使用第1张双倍掉落卡"/>
  <item achi_value="20" award="" catalog="角色" id="0x1106000e" lua_script="IsLocalTask(6)|UseItem(0x13120020)|CheckTimes(20)" name="搜刮狂" sub_catalog="" suffix="1|20" target="累计使用20张双倍掉落卡"/>
  <item achi_value="20" award="美食家_0x14c00430_1个" catalog="角色" id="0x110a000e" lua_script="GetAchievement(0x1106000c)|GetAchievement(0x1106000e)" name="像火箭一样" sub_catalog="" suffix="" target="完成练级狂、搜刮狂成就"/>
  <item achi_value="10" award="" catalog="任务" id="0x12060001" lua_script="IsLocalTask(5)|FinishTask(0)|CheckTimes(10)" name="小试牛刀" sub_catalog="" suffix="1|10" target="累积完成10个任务"/>
  <item achi_value="10" award="" catalog="任务" id="0x12060002" lua_script="IsLocalTask(5)|FinishTask(0)|CheckTimes(50)" name="渐入佳境" sub_catalog="" suffix="1|50" target="累积完成50个任务"/>
  <item achi_value="10" award="" catalog="任务" id="0x12060003" lua_script="IsLocalTask(5)|FinishTask(0)|CheckTimes(150)" name="如火纯清" sub_catalog="" suffix="1|150" target="累积完成150个任务"/>
  <item achi_value="10" award="" catalog="任务" id="0x12060004" lua_script="IsLocalTask(5)|FinishTask(0)|CheckTimes(200)" name="平步青云" sub_catalog="" suffix="1|200" target="累积完成200个任务"/>
  <item achi_value="20" award="" catalog="任务" id="0x12060005" lua_script="IsLocalTask(5)|FinishTask(0)|CheckTimes(300)" name="庖丁解牛" sub_catalog="" suffix="1|300" target="累积完成300个任务"/>
  <item achi_value="20" award="美食迷_0x14c00530_1个" catalog="任务" id="0x12060010" lua_script="IsLocalTask(5)|FinishTask(0)|CheckTimes(400)" name="再接再励" sub_catalog="" suffix="1|400" target="累计完成400个任务"/>
  <item achi_value="20" award="" catalog="任务" id="0x12060011" lua_script="IsLocalTask(5)|FinishTask(0)|CheckTimes(500)" name="再创辉煌" sub_catalog="" suffix="1|500" target="累计完成500个任务"/>
  <item achi_value="20" award="" catalog="任务" id="0x12060012" lua_script="IsLocalTask(5)|FinishTask(0)|CheckTimes(600)" name="百折不饶" sub_catalog="" suffix="1|600" target="累计完成600个任务"/>
  <item achi_value="20" award="" catalog="任务" id="0x12060013" lua_script="IsLocalTask(5)|FinishTask(0)|CheckTimes(700)" name="精益求精" sub_catalog="" suffix="1|700" target="累计完成700个任务"/>
  <item achi_value="20" award="美食狂人_0x14c01230_1个" catalog="任务" id="0x12060014" lua_script="IsLocalTask(5)|FinishTask(0)|CheckTimes(800)" name="任务狂人" sub_catalog="" suffix="1|800" target="累计完成800个任务"/>
  <item achi_value="10" award="" catalog="任务" id="0x12060006" lua_script="IsLocalTask(5)|FinishTask(1)|CheckTimes(5)" name="一起战斗" sub_catalog="" suffix="1|5" target="累积完成5个组队任务"/>
  <item achi_value="10" award="" catalog="任务" id="0x12060007" lua_script="IsLocalTask(5)|FinishTask(1)|CheckTimes(10)" name="合作愉快" sub_catalog="" suffix="1|10" target="累积完成10个组队任务"/>
  <item achi_value="10" award="" catalog="任务" id="0x12060009" lua_script="IsLocalTask(5)|FinishTask(2)|CheckTimes(10)" name="每日练习" sub_catalog="" suffix="1|10" target="累积完成10个每日任务"/>
  <item achi_value="10" award="" catalog="任务" id="0x1206000a" lua_script="IsLocalTask(5)|FinishTask(2)|CheckTimes(50)" name="常抓不懈" sub_catalog="" suffix="1|50" target="累积完成50个每日任务"/>
  <item achi_value="10" award="" catalog="任务" id="0x1206000b" lua_script="IsLocalTask(5)|FinishTask(2)|CheckTimes(100)" name="日日不息" sub_catalog="" suffix="1|100" target="累积完成100个每日任务"/>
  <item achi_value="20" award="" catalog="任务" id="0x1206000c" lua_script="IsLocalTask(5)|FinishTask(2)|CheckTimes(200)" name="每日必到" sub_catalog="" suffix="1|200" target="累积完成200个每日任务"/>
  <item achi_value="20" award="" catalog="任务" id="0x1206000d" lua_script="IsLocalTask(5)|FinishTask(2)|CheckTimes(350)" name="分秒必争" sub_catalog="" suffix="1|350" target="累积完成350个每日任务"/>
  <item achi_value="10" award="" catalog="关卡" id="0x13110001" lua_script="IsComputerMode()|IsWin()|CheckTimes(10)" name="通关10次" sub_catalog="美味岛·通关" suffix="1|10" target="任意关卡通关累计10次"/>
  <item achi_value="10" award="" catalog="关卡" id="0x13110002" lua_script="IsComputerMode()|IsWin()|CheckTimes(50)" name="通关50次" sub_catalog="美味岛·通关" suffix="1|50" target="任意关卡通关累计50次"/>
  <item achi_value="10" award="" catalog="关卡" id="0x13110003" lua_script="IsComputerMode()|IsWin()|CheckTimes(100)" name="通关100次" sub_catalog="美味岛·通关" suffix="1|100" target="任意关卡通关累计100次"/>
  <item achi_value="10" award="" catalog="关卡" id="0x13110004" lua_script="IsComputerMode()|IsWin()|CheckTimes(200)" name="通关200次" sub_catalog="美味岛·通关" suffix="1|200" target="任意关卡通关累计200次"/>
  <item achi_value="20" award="" catalog="关卡" id="0x13110005" lua_script="IsComputerMode()|IsWin()|CheckTimes(300)" name="通关300次" sub_catalog="美味岛·通关" suffix="1|300" target="任意关卡通关累计300次"/>
  <item achi_value="30" award="" catalog="关卡" id="0x13110006" lua_script="IsComputerMode()|IsWin()|CheckTimes(500)" name="通关500次" sub_catalog="美味岛·通关" suffix="1|500" target="任意关卡通关累计500次"/>
  <item achi_value="10" award="" catalog="关卡" id="0x13150007" lua_script="IsMapGrade(3,2,0)" name="挑战曲奇岛" sub_catalog="美味岛·通关" suffix="" target="曲奇岛单人通关评分SSS"/>
  <item achi_value="10" award="" catalog="关卡" id="0x13150008" lua_script="IsMapGrade(1,2,0)" name="单人挑战色拉岛（陆）" sub_catalog="美味岛·通关" suffix="" target="色拉岛（陆）单人通关评分SSS"/>
  <item achi_value="10" award="" catalog="关卡" id="0x13150009" lua_script="IsMapGrade(257,2,0)" name="单人挑战色拉岛（水）" sub_catalog="美味岛·通关" suffix="" target="色拉岛（水）单人通关评分SSS"/>
  <item achi_value="10" award="" catalog="关卡" id="0x13150010" lua_script="IsMapGrade(514,2,0)" name="单人挑战慕斯岛" sub_catalog="美味岛·通关" suffix="" target="慕斯岛单人通关评分SSS"/>
  <item achi_value="10" award="" catalog="关卡" id="0x13150011" lua_script="IsMapGrade(513,2,0)" name="单人挑战香槟岛（陆）" sub_catalog="美味岛·通关" suffix="" target="香槟岛（陆）单人通关评分SSS"/>
  <item achi_value="10" award="" catalog="关卡" id="0x13150012" lua_script="IsMapGrade(769,2,0)" name="单人挑战香槟岛（水）" sub_catalog="美味岛·通关" suffix="" target="香槟岛（水）单人通关评分SSS"/>
  <item achi_value="20" award="" catalog="关卡" id="0x13150013" lua_script="IsMapGrade(2562,2,0)" name="单人挑战神殿" sub_catalog="美味岛·通关" suffix="" target="神殿单人通关评分SSS"/>
  <item achi_value="10" award="" catalog="关卡" id="0x13150014" lua_script="IsMapGrade(2,2,0)" name="单人挑战布丁岛（日）" sub_catalog="美味岛·通关" suffix="" target="布丁岛（日）单人通关评分SSS"/>
  <item achi_value="10" award="" catalog="关卡" id="0x13150015" lua_script="IsMapGrade(258,2,0)" name="单人挑战可可岛（日）" sub_catalog="美味岛·通关" suffix="" target="可可岛（日）单人通关评分SSS"/>
  <item achi_value="10" award="" catalog="关卡" id="0x13150016" lua_script="IsMapGrade(770,2,0)" name="单人挑战可可岛（夜）" sub_catalog="美味岛·通关" suffix="" target="可可岛（夜）单人通关评分SSS"/>
  <item achi_value="10" award="" catalog="关卡" id="0x13150017" lua_script="IsMapGrade(1793,2,0)" name="单人挑战咖喱岛（夜）" sub_catalog="美味岛·通关" suffix="" target="咖喱岛（夜）单人通关评分SSS"/>
  <item achi_value="20" award="" catalog="关卡" id="0x13150018" lua_script="IsMapGrade(2305,2,0)" name="单人挑战深渊" sub_catalog="美味岛·通关" suffix="" target="深渊单人通关评分SSS"/>
  <item achi_value="20" award="" catalog="关卡" id="0x13150001" lua_script="IsMapGrade(0,2,0)" name="一人就可以守护小岛" sub_catalog="美味岛·通关" suffix="" target="完成美味岛所有关卡单人通关评分成就"/>
  <item achi_value="10" award="" catalog="关卡" id="0x13150019" lua_script="IsMapGrade(3,3,0)" name="一起挑战曲奇岛" sub_catalog="美味岛·通关" suffix="" target="曲奇岛双人通关评分SSS"/>
  <item achi_value="10" award="" catalog="关卡" id="0x13150020" lua_script="IsMapGrade(1,3,0)" name="一起挑战色拉岛（陆）" sub_catalog="美味岛·通关" suffix="" target="色拉岛（陆）双人通关评分SSS"/>
  <item achi_value="10" award="" catalog="关卡" id="0x13150021" lua_script="IsMapGrade(257,3,0)" name="一起挑战色拉岛（水）" sub_catalog="美味岛·通关" suffix="" target="色拉岛（水）双人通关评分SSS"/>
  <item achi_value="10" award="" catalog="关卡" id="0x13150022" lua_script="IsMapGrade(514,3,0)" name="一起挑战慕斯岛" sub_catalog="美味岛·通关" suffix="" target="慕斯岛双人通关评分SSS"/>
  <item achi_value="10" award="" catalog="关卡" id="0x13150023" lua_script="IsMapGrade(513,3,0)" name="一起挑战香槟岛（陆）" sub_catalog="美味岛·通关" suffix="" target="香槟岛（陆）双人通关评分SSS"/>
  <item achi_value="10" award="" catalog="关卡" id="0x13150024" lua_script="IsMapGrade(769,3,0)" name="一起挑战香槟岛（水）" sub_catalog="美味岛·通关" suffix="" target="香槟岛（水）双人通关评分SSS"/>
  <item achi_value="20" award="" catalog="关卡" id="0x13150025" lua_script="IsMapGrade(2562,3,0)" name="一起挑战神殿" sub_catalog="美味岛·通关" suffix="" target="神殿双人通关评分SSS"/>
  <item achi_value="10" award="" catalog="关卡" id="0x13150026" lua_script="IsMapGrade(2,3,0)" name="一起挑战布丁岛（日）" sub_catalog="美味岛·通关" suffix="" target="布丁岛（日）双人通关评分SSS"/>
  <item achi_value="10" award="" catalog="关卡" id="0x13150027" lua_script="IsMapGrade(258,3,0)" name="一起挑战可可岛（日）" sub_catalog="美味岛·通关" suffix="" target="可可岛（日）双人通关评分SSS"/>
  <item achi_value="10" award="" catalog="关卡" id="0x13150028" lua_script="IsMapGrade(770,3,0)" name="一起挑战可可岛（夜）" sub_catalog="美味岛·通关" suffix="" target="可可岛（夜）双人通关评分SSS"/>
  <item achi_value="10" award="" catalog="关卡" id="0x13150029" lua_script="IsMapGrade(1793,3,0)" name="一起挑战咖喱岛（夜）" sub_catalog="美味岛·通关" suffix="" target="咖喱岛（夜）双人通关评分SSS"/>
  <item achi_value="20" award="" catalog="关卡" id="0x13150030" lua_script="IsMapGrade(2305,3,0)" name="一起挑战深渊" sub_catalog="美味岛·通关" suffix="" target="深渊双人通关评分SSS"/>
  <item achi_value="20" award="" catalog="关卡" id="0x13150002" lua_script="IsMapGrade(0,3,0)" name="共同守护小岛" sub_catalog="美味岛·通关" suffix="" target="完成小岛所有关卡双人通关评分成就"/>
  <item achi_value="20" award="深渊守护者_0x14c00630_1个" catalog="关卡" id="0x131a0001" lua_script="GetAchievementType(0x13100000)" name="通关王" sub_catalog="美味岛·通关" suffix="" target="完成美味岛所有通关成就"/>
  <item achi_value="10" award="" catalog="关卡" id="0x13150034" lua_script="IsMapGrade(521,2,0)" name="单人挑战布丁岛（夜）" sub_catalog="美味岛·通关" suffix="" target="布丁岛（夜）单人通关评分SSS"/>
  <item achi_value="10" award="" catalog="关卡" id="0x13150031" lua_script="IsMapGrade(1025,2,0)" name="单人挑战咖喱岛（日）" sub_catalog="美味岛·通关" suffix="" target="咖喱岛（日）单人通关评分SSS"/>
  <item achi_value="10" award="" catalog="关卡" id="0x13150032" lua_script="IsMapGrade(521,3,0)" name="一起挑战布丁岛（夜）" sub_catalog="美味岛·通关" suffix="" target="布丁岛（夜）双人通关评分SSS"/>
  <item achi_value="10" award="" catalog="关卡" id="0x13150033" lua_script="IsMapGrade(1025,3,0)" name="一起挑战咖喱岛（日）" sub_catalog="美味岛·通关" suffix="" target="咖喱岛（日）双人通关评分SSS"/>
  <item achi_value="10" award="" catalog="关卡" id="0x13150035" lua_script="IsMapGrade(2562,2,2)" name="首过神殿" sub_catalog="美味岛·通关" suffix="" target="通关神殿且通关评分达到S"/>
  <item achi_value="20" award="" catalog="关卡" id="0x13150036" lua_script="IsMapGrade(2305,2,2)" name="首过深渊" sub_catalog="美味岛·通关" suffix="" target="通关深渊且通关评分达到S"/>
  <item achi_value="20" award="" catalog="关卡" id="0x13350001" lua_script="IsMapGrade2(260,2,0)" name="单人挑战芥末小屋(白天)" sub_catalog="火山岛·通关" suffix="" target="芥末小屋(白天)单人通关评分SSS"/>
  <item achi_value="20" award="" catalog="关卡" id="0x13350002" lua_script="IsMapGrade2(772,2,0)" name="单人挑战芥末小屋(夜晚)" sub_catalog="火山岛·通关" suffix="" target="芥末小屋(夜晚)单人通关评分SSS"/>
  <item achi_value="20" award="" catalog="关卡" id="0x13350003" lua_script="IsMapGrade2(4,2,0)" name="单人挑战薄荷海滩(白天)" sub_catalog="火山岛·通关" suffix="" target="薄荷海滩(白天)单人通关评分SSS"/>
  <item achi_value="20" award="" catalog="关卡" id="0x13350004" lua_script="IsMapGrade2(516,2,0)" name="单人挑战薄荷海滩(夜晚)" sub_catalog="火山岛·通关" suffix="" target="薄荷海滩(夜晚)单人通关评分SSS"/>
  <item achi_value="20" award="" catalog="关卡" id="0x13350005" lua_script="IsMapGrade2(2819,2,0)" name="单人挑战芝士城堡" sub_catalog="火山岛·通关" suffix="" target="芝士城堡单人通关评分SSS"/>
  <item achi_value="20" award="" catalog="关卡" id="0x13350006" lua_script="IsMapGrade2(261,2,0)" name="单人挑战炭烧雨林(白天)" sub_catalog="火山岛·通关" suffix="" target="炭烧雨林(白天)单人通关评分SSS"/>
  <item achi_value="20" award="" catalog="关卡" id="0x13350007" lua_script="IsMapGrade2(773,2,0)" name="单人挑战炭烧雨林(夜晚)" sub_catalog="火山岛·通关" suffix="" target="炭烧雨林(夜晚)单人通关评分SSS"/>
  <item achi_value="20" award="" catalog="关卡" id="0x13350008" lua_script="IsMapGrade2(518,2,0)" name="单人挑战抹茶庄园(夜晚)" sub_catalog="火山岛·通关" suffix="" target="抹茶庄园(夜晚)单人通关评分SSS"/>
  <item achi_value="20" award="" catalog="关卡" id="0x13350009" lua_script="IsMapGrade2(6,2,0)" name="单人挑战抹茶庄园(白天)" sub_catalog="火山岛·通关" suffix="" target="抹茶庄园(白天)单人通关评分SSS"/>
  <item achi_value="20" award="" catalog="关卡" id="0x13350010" lua_script="IsMapGrade2(2053,2,0)" name="单人挑战玛奇朵港" sub_catalog="火山岛·通关" suffix="" target="玛奇朵港单人通关评分SSS"/>
  <item achi_value="20" award="" catalog="关卡" id="0x13350011" lua_script="IsMapGrade2(4097,2,0)" name="单人挑战棉花糖天空(白天)" sub_catalog="火山岛·通关" suffix="" target="棉花糖天空(白天)单人通关评分SSS"/>
  <item achi_value="20" award="" catalog="关卡" id="0x13350012" lua_script="IsMapGrade2(4609,2,0)" name="单人挑战棉花糖天空(晚上)" sub_catalog="火山岛·通关" suffix="" target="棉花糖天空(晚上)单人通关评分SSS"/>
  <item achi_value="20" award="" catalog="关卡" id="0x13350013" lua_script="IsMapGrade2(7,2,0)" name="单人挑战果酱部落(白天)" sub_catalog="火山岛·通关" suffix="" target="果酱部落(白天)单人通关评分SSS"/>
  <item achi_value="20" award="" catalog="关卡" id="0x13350014" lua_script="IsMapGrade2(519,2,0)" name="单人挑战果酱部落(夜晚)" sub_catalog="火山岛·通关" suffix="" target="果酱部落(晚上)单人通关评分SSS"/>
  <item achi_value="20" award="" catalog="关卡" id="0x13350015" lua_script="IsMapGrade2(2054,2,0)" name="单人挑战雪顶火山" sub_catalog="火山岛·通关" suffix="" target="雪顶火山单人通关评分SSS"/>
  <item achi_value="30" award="" catalog="关卡" id="0x13350016" lua_script="IsMapGrade2(0,2,0)" name="一人镇守火山岛" sub_catalog="火山岛·通关" suffix="" target="完成火山岛所有关卡单人通关评分成就"/>
  <item achi_value="20" award="" catalog="关卡" id="0x13350017" lua_script="IsMapGrade2(260,3,0)" name="一起挑战芥末小屋(白天)" sub_catalog="火山岛·通关" suffix="" target="芥末小屋(白天)双人通关评分SSS"/>
  <item achi_value="20" award="" catalog="关卡" id="0x13350018" lua_script="IsMapGrade2(772,3,0)" name="一起挑战芥末小屋(夜晚)" sub_catalog="火山岛·通关" suffix="" target="芥末小屋(夜晚)双人通关评分SSS"/>
  <item achi_value="20" award="" catalog="关卡" id="0x13350019" lua_script="IsMapGrade2(4,3,0)" name="一起挑战薄荷海滩(白天)" sub_catalog="火山岛·通关" suffix="" target="薄荷海滩(白天)双人通关评分SSS"/>
  <item achi_value="20" award="" catalog="关卡" id="0x13350020" lua_script="IsMapGrade2(516,3,0)" name="一起挑战薄荷海滩(夜晚)" sub_catalog="火山岛·通关" suffix="" target="薄荷海滩(夜晚)双人通关评分SSS"/>
  <item achi_value="20" award="" catalog="关卡" id="0x13350021" lua_script="IsMapGrade2(2819,3,0)" name="一起挑战芝士城堡" sub_catalog="火山岛·通关" suffix="" target="芝士城堡双人通关评分SSS"/>
  <item achi_value="20" award="" catalog="关卡" id="0x13350022" lua_script="IsMapGrade2(261,3,0)" name="一起挑战炭烧雨林(白天)" sub_catalog="火山岛·通关" suffix="" target="炭烧雨林(白天)双人通关评分SSS"/>
  <item achi_value="20" award="" catalog="关卡" id="0x13350023" lua_script="IsMapGrade2(773,3,0)" name="一起挑战炭烧雨林(夜晚)" sub_catalog="火山岛·通关" suffix="" target="炭烧雨林(夜晚)双人通关评分SSS"/>
  <item achi_value="20" award="" catalog="关卡" id="0x13350024" lua_script="IsMapGrade2(518,3,0)" name="一起挑战抹茶庄园(夜晚)" sub_catalog="火山岛·通关" suffix="" target="抹茶庄园(夜晚)双人通关评分SSS"/>
  <item achi_value="20" award="" catalog="关卡" id="0x13350025" lua_script="IsMapGrade2(6,3,0)" name="一起挑战抹茶庄园(白天)" sub_catalog="火山岛·通关" suffix="" target="抹茶庄园(白天)双人通关评分SSS"/>
  <item achi_value="20" award="" catalog="关卡" id="0x13350026" lua_script="IsMapGrade2(2053,3,0)" name="一起挑战玛奇朵港" sub_catalog="火山岛·通关" suffix="" target="玛奇朵港双人通关评分SSS"/>
  <item achi_value="20" award="" catalog="关卡" id="0x13350027" lua_script="IsMapGrade2(4097,3,0)" name="一起挑战棉花糖天空(白天)" sub_catalog="火山岛·通关" suffix="" target="棉花糖天空(白天)双人通关评分SSS"/>
  <item achi_value="20" award="" catalog="关卡" id="0x13350028" lua_script="IsMapGrade2(4609,3,0)" name="一起挑战棉花糖天空(晚上)" sub_catalog="火山岛·通关" suffix="" target="棉花糖天空(晚上)双人通关评分SSS"/>
  <item achi_value="20" award="" catalog="关卡" id="0x13350029" lua_script="IsMapGrade2(7,3,0)" name="一起挑战果酱部落(白天)" sub_catalog="火山岛·通关" suffix="" target="果酱部落(白天)双人通关评分SSS"/>
  <item achi_value="20" award="" catalog="关卡" id="0x13350030" lua_script="IsMapGrade2(519,3,0)" name="一起挑战果酱部落(夜晚)" sub_catalog="火山岛·通关" suffix="" target="果酱部落(晚上)双人通关评分SSS"/>
  <item achi_value="20" award="" catalog="关卡" id="0x13350031" lua_script="IsMapGrade2(2054,3,0)" name="一起挑战雪顶火山" sub_catalog="火山岛·通关" suffix="" target="雪顶火山双人通关评分SSS"/>
  <item achi_value="30" award="" catalog="关卡" id="0x13350032" lua_script="IsMapGrade2(0,3,0)" name="共同守护火山岛" sub_catalog="火山岛·通关" suffix="" target="完成火山岛所有关卡双人通关评分成就"/>
  <item achi_value="40" award="火山岛守卫者_0x14c01330_1个" catalog="关卡" id="0x133a0001" lua_script="GetAchievement(0x13350005)|GetAchievement(0x13350010)|GetAchievement(0x13350015)|GetAchievement(0x13350021)|GetAchievement(0x13350026)|GetAchievement(0x13350031)" name="保卫火山岛" sub_catalog="火山岛·通关" suffix="" target="完成芝士城堡、玛奇朵港、雪顶火山单人和双人通关评分SSS"/>
  <item achi_value="20" award="" catalog="关卡" id="0x13350033" lua_script="IsMapGrade2(2819,2,2)" name="首过芝士城堡" sub_catalog="火山岛·通关" suffix="" target="通过芝士城堡且通关评分达到S"/>
  <item achi_value="20" award="" catalog="关卡" id="0x13350034" lua_script="IsMapGrade2(2053,2,2)" name="首过玛奇朵港" sub_catalog="火山岛·通关" suffix="" target="通过玛奇朵港且通关评分达到S"/>
  <item achi_value="30" award="" catalog="关卡" id="0x13350035" lua_script="IsMapGrade2(2054,2,2)" name="首过雪顶火山" sub_catalog="火山岛·通关" suffix="" target="通过雪顶火山且通关评分达到S"/>
  <item achi_value="20" award="" catalog="关卡" id="0x13350036" lua_script="IsMapGrade2(32769,2,0)" name="单人挑战茴香竹筏（日）" sub_catalog="浮空岛·通关" suffix="" target="茴香竹筏（日)单人通关评分达到SSS"/>
  <item achi_value="20" award="" catalog="关卡" id="0x13350037" lua_script="IsMapGrade2(33282,2,0)" name="单人挑战茴香竹筏（夜）" sub_catalog="浮空岛·通关" suffix="" target="茴香竹筏（夜)单人通关评分达到SSS"/>
  <item achi_value="20" award="" catalog="关卡" id="0x13350038" lua_script="IsMapGrade2(33027,2,0)" name="单人挑战孜然断桥（日）" sub_catalog="浮空岛·通关" suffix="" target="孜然断桥（日)单人通关评分达到SSS"/>
  <item achi_value="20" award="" catalog="关卡" id="0x13350039" lua_script="IsMapGrade2(33540,2,0)" name="单人挑战孜然断桥（夜）" sub_catalog="浮空岛·通关" suffix="" target="孜然断桥（夜)单人通关评分达到SSS"/>
  <item achi_value="20" award="" catalog="关卡" id="0x13350040" lua_script="IsMapGrade2(34821,2,0)" name="单人挑战卤料花园" sub_catalog="浮空岛·通关" suffix="" target="卤料花园单人通关评分达到SSS"/>
  <item achi_value="20" award="" catalog="关卡" id="0x13350041" lua_script="IsMapGrade2(36870,2,0)" name="单人挑战月桂天空（日）" sub_catalog="浮空岛·通关" suffix="" target="月桂天空（日)单人通关评分达到SSS"/>
  <item achi_value="20" award="" catalog="关卡" id="0x13350042" lua_script="IsMapGrade2(37383,2,0)" name="单人挑战月桂天空（夜）" sub_catalog="浮空岛·通关" suffix="" target="月桂天空（夜)单人通关评分达到SSS"/>
  <item achi_value="20" award="" catalog="关卡" id="0x13350043" lua_script="IsMapGrade2(36872,2,0)" name="单人挑战香叶空港（日）" sub_catalog="浮空岛·通关" suffix="" target="香叶空港（日)单人通关评分达到SSS"/>
  <item achi_value="20" award="" catalog="关卡" id="0x13350044" lua_script="IsMapGrade2(37384,2,0)" name="单人挑战香叶空港（夜）" sub_catalog="浮空岛·通关" suffix="" target="香叶空港（夜)单人通关评分达到SSS"/>
  <item achi_value="20" award="" catalog="关卡" id="0x13350045" lua_script="IsMapGrade2(39433,2,0)" name="单人挑战香料飞船" sub_catalog="浮空岛·通关" suffix="" target="香料飞船单人通关评分达到SSS"/>
  <item achi_value="20" award="" catalog="关卡" id="0x13350046" lua_script="IsMapGrade2(32778,2,0)" name="单人挑战花椒浮岛（日）" sub_catalog="浮空岛·通关" suffix="" target="花椒浮岛（日)单人通关评分达到SSS"/>
  <item achi_value="20" award="" catalog="关卡" id="0x13350047" lua_script="IsMapGrade2(33291,2,0)" name="单人挑战花椒浮岛（夜）" sub_catalog="浮空岛·通关" suffix="" target="花椒浮岛（夜)单人通关评分达到SSS"/>
  <item achi_value="20" award="" catalog="关卡" id="0x13350048" lua_script="IsMapGrade2(32780,2,0)" name="单人挑战丁香彩虹（日）" sub_catalog="浮空岛·通关" suffix="" target="丁香彩虹（日)单人通关评分达到SSS"/>
  <item achi_value="20" award="" catalog="关卡" id="0x13350049" lua_script="IsMapGrade2(33293,2,0)" name="单人挑战丁香彩虹（夜）" sub_catalog="浮空岛·通关" suffix="" target="丁香彩虹（夜)单人通关评分达到SSS"/>
  <item achi_value="20" award="" catalog="关卡" id="0x13350050" lua_script="IsMapGrade2(34830,2,0)" name="单人挑战十三香岛" sub_catalog="浮空岛·通关" suffix="" target="十三香岛单人通关评分达到SSS"/>
  <item achi_value="20" award="" catalog="关卡" id="0x13350052" lua_script="IsMapGrade2(32769,3,0)" name="一起挑战茴香竹筏（日）" sub_catalog="浮空岛·通关" suffix="" target="茴香竹筏（日)双人通关评分达到SSS"/>
  <item achi_value="20" award="" catalog="关卡" id="0x13350053" lua_script="IsMapGrade2(33282,3,0)" name="一起挑战茴香竹筏（夜）" sub_catalog="浮空岛·通关" suffix="" target="茴香竹筏（夜)双人通关评分达到SSS"/>
  <item achi_value="20" award="" catalog="关卡" id="0x13350054" lua_script="IsMapGrade2(33027,3,0)" name="一起挑战孜然断桥（日）" sub_catalog="浮空岛·通关" suffix="" target="孜然断桥（日)双人通关评分达到SSS"/>
  <item achi_value="20" award="" catalog="关卡" id="0x13350055" lua_script="IsMapGrade2(33540,3,0)" name="一起挑战茴香竹筏（夜）" sub_catalog="浮空岛·通关" suffix="" target="茴香竹筏（夜)双人通关评分达到SSS"/>
  <item achi_value="20" award="" catalog="关卡" id="0x13350056" lua_script="IsMapGrade2(34821,3,0)" name="一起挑战卤料花园" sub_catalog="浮空岛·通关" suffix="" target="卤料花园双人通关评分达到SSS"/>
  <item achi_value="20" award="" catalog="关卡" id="0x13350057" lua_script="IsMapGrade2(36870,3,0)" name="一起挑战月桂天空（日）" sub_catalog="浮空岛·通关" suffix="" target="月桂天空（日)双人通关评分达到SSS"/>
  <item achi_value="20" award="" catalog="关卡" id="0x13350058" lua_script="IsMapGrade2(37383,3,0)" name="一起挑战月桂天空（夜）" sub_catalog="浮空岛·通关" suffix="" target="月桂天空（夜)双人通关评分达到SSS"/>
  <item achi_value="20" award="" catalog="关卡" id="0x13350059" lua_script="IsMapGrade2(36872,3,0)" name="一起挑战香叶空港（日）" sub_catalog="浮空岛·通关" suffix="" target="香叶空港（日)双人通关评分达到SSS"/>
  <item achi_value="20" award="" catalog="关卡" id="0x13350060" lua_script="IsMapGrade2(37384,3,0)" name="一起挑战香叶空港（夜）" sub_catalog="浮空岛·通关" suffix="" target="香叶空港（夜)双人通关评分达到SSS"/>
  <item achi_value="20" award="" catalog="关卡" id="0x13350061" lua_script="IsMapGrade2(39433,3,0)" name="一起挑战香料飞船" sub_catalog="浮空岛·通关" suffix="" target="香料飞船双人通关评分达到SSS"/>
  <item achi_value="20" award="" catalog="关卡" id="0x13350062" lua_script="IsMapGrade2(32778,3,0)" name="一起挑战花椒浮岛（日）" sub_catalog="浮空岛·通关" suffix="" target="花椒浮岛（日)双人通关评分达到SSS"/>
  <item achi_value="20" award="" catalog="关卡" id="0x13350063" lua_script="IsMapGrade2(33291,3,0)" name="一起挑战花椒浮岛（夜）" sub_catalog="浮空岛·通关" suffix="" target="花椒浮岛（夜)双人通关评分达到SSS"/>
  <item achi_value="20" award="" catalog="关卡" id="0x13350064" lua_script="IsMapGrade2(32780,3,0)" name="一起挑战丁香彩虹（日）" sub_catalog="浮空岛·通关" suffix="" target="丁香彩虹（日)双人通关评分达到SSS"/>
  <item achi_value="20" award="" catalog="关卡" id="0x13350065" lua_script="IsMapGrade2(33293,3,0)" name="一起挑战丁香彩虹（夜）" sub_catalog="浮空岛·通关" suffix="" target="丁香彩虹（夜)双人通关评分达到SSS"/>
  <item achi_value="20" award="" catalog="关卡" id="0x13350066" lua_script="IsMapGrade2(34830,3,0)" name="一起挑战十三香岛" sub_catalog="浮空岛·通关" suffix="" target="十三香岛双人通关评分达到SSS"/>
  <item achi_value="10" award="" catalog="关卡" id="0x13350068" lua_script="IsMapGrade2(34821,2,2)" name="首过卤料花园" sub_catalog="浮空岛·通关" suffix="" target="通过卤料花园且通关评分达到S"/>
  <item achi_value="10" award="" catalog="关卡" id="0x13350069" lua_script="IsMapGrade2(39433,2,2)" name="首过香料飞船" sub_catalog="浮空岛·通关" suffix="" target="通过香料飞船且通关评分达到S"/>
  <item achi_value="10" award="" catalog="关卡" id="0x13350070" lua_script="IsMapGrade2(34830,2,2)" name="首过十三香岛" sub_catalog="浮空岛·通关" suffix="" target="通过十三香岛且通关评分达到S"/>
  <item achi_value="10" award="" catalog="关卡" id="0x13210001" lua_script="IsKilledEnemy(0x0001,3000)" name="消灭平民鼠" sub_catalog="美味岛·抵御老鼠" suffix="1|3000" target="消灭平民鼠3000只"/>
  <item achi_value="10" award="" catalog="关卡" id="0x13210002" lua_script="IsKilledEnemy(0x0002,2000)" name="消灭球迷鼠" sub_catalog="美味岛·抵御老鼠" suffix="1|2000" target="消灭球迷鼠2000只"/>
  <item achi_value="10" award="" catalog="关卡" id="0x13210003" lua_script="IsKilledEnemy(0x0003,1000)" name="消灭铁锅鼠" sub_catalog="美味岛·抵御老鼠" suffix="1|1000" target="消灭铁锅鼠1000只"/>
  <item achi_value="20" award="" catalog="关卡" id="0x13210004" lua_script="IsKilledEnemy(0x000c,1000)" name="消灭捧花僵尸鼠" sub_catalog="美味岛·抵御老鼠" suffix="1|1000" target="消灭捧花僵尸鼠1000只"/>
  <item achi_value="10" award="" catalog="关卡" id="0x13210005" lua_script="IsKilledEnemy(0x0006,1000)" name="消灭滑轮鼠" sub_catalog="美味岛·抵御老鼠" suffix="1|1000" target="消灭滑轮鼠1000只"/>
  <item achi_value="10" award="" catalog="关卡" id="0x13210006" lua_script="IsKilledEnemy(0x0004,1000)" name="消灭滑板鼠" sub_catalog="美味岛·抵御老鼠" suffix="1|1000" target="消灭滑板鼠1000只"/>
  <item achi_value="10" award="" catalog="关卡" id="0x13210007" lua_script="IsKilledEnemy(0x000d,800)" name="消灭机器鼠" sub_catalog="美味岛·抵御老鼠" suffix="1|800" target="消灭机器鼠800只"/>
  <item achi_value="10" award="" catalog="关卡" id="0x13210008" lua_script="IsKilledEnemy(0x000a,500)" name="消灭忍者鼠首领" sub_catalog="美味岛·抵御老鼠" suffix="1|500" target="消灭忍者鼠首领500只"/>
  <item achi_value="20" award="" catalog="关卡" id="0x13210009" lua_script="IsKilledEnemy(0x0009,1000)" name="消灭房东鼠" sub_catalog="美味岛·抵御老鼠" suffix="1|1000" target="消灭房东鼠1000只"/>
  <item achi_value="20" award="" catalog="关卡" id="0x13210010" lua_script="IsKilledEnemy(0x000b,500)" name="消灭跳跳鼠" sub_catalog="美味岛·抵御老鼠" suffix="1|500" target="消灭跳跳鼠500只"/>
  <item achi_value="20" award="" catalog="关卡" id="0x13210011" lua_script="IsKilledEnemy(0x0005,500)" name="消灭修理鼠" sub_catalog="美味岛·抵御老鼠" suffix="1|500" target="消灭修理鼠500只"/>
  <item achi_value="20" award="" catalog="关卡" id="0x13210012" lua_script="IsKilledEnemy(0x000f,500)" name="消灭工程车鼠" sub_catalog="美味岛·抵御老鼠" suffix="1|500" target="消灭工程车鼠500只"/>
  <item achi_value="20" award="" catalog="关卡" id="0x13210013" lua_script="IsKilledEnemy(0x0008,500)" name="消灭滑翔鼠" sub_catalog="美味岛·抵御老鼠" suffix="1|500" target="消灭滑翔鼠500只"/>
  <item achi_value="20" award="" catalog="关卡" id="0x13210014" lua_script="IsKilledEnemy(0x0010,500)" name="消灭垃圾车鼠" sub_catalog="美味岛·抵御老鼠" suffix="1|500" target="消灭垃圾车鼠500只"/>
  <item achi_value="10" award="" catalog="关卡" id="0x13210015" lua_script="IsKilledEnemy(0x0007,800)" name="消灭鼹鼠" sub_catalog="美味岛·抵御老鼠" suffix="1|800" target="消灭鼹鼠800只"/>
  <item achi_value="10" award="" catalog="关卡" id="0x13210016" lua_script="IsKilledEnemy(0x0101,1500)" name="消灭纸船鼠" sub_catalog="美味岛·抵御老鼠" suffix="1|1500" target="消灭纸船鼠1500只"/>
  <item achi_value="20" award="" catalog="关卡" id="0x13210017" lua_script="IsKilledEnemy(0x0102,500)" name="消灭鸭子泳圈鼠" sub_catalog="美味岛·抵御老鼠" suffix="1|500" target="消灭鸭子泳圈鼠500只"/>
  <item achi_value="20" award="" catalog="关卡" id="0x13210018" lua_script="IsKilledEnemy(0x0103,500)" name="消灭热带鱼泳圈鼠" sub_catalog="美味岛·抵御老鼠" suffix="1|500" target="消灭热带鱼泳圈鼠500只"/>
  <item achi_value="20" award="" catalog="关卡" id="0x13210019" lua_script="IsKilledEnemy(0x0104,800)" name="消灭潜水鼠" sub_catalog="美味岛·抵御老鼠" suffix="1|800" target="消灭潜水鼠800只"/>
  <item achi_value="20" award="" catalog="关卡" id="0x13210020" lua_script="IsKilledEnemy(0x0105,300)" name="消灭青蛙王子鼠" sub_catalog="美味岛·抵御老鼠" suffix="1|300" target="消灭青蛙王子鼠300只"/>
  <item achi_value="20" award="" catalog="关卡" id="0x13210021" lua_script="IsKilledEnemy(0x0013,500)" name="消灭巨型鼠" sub_catalog="美味岛·抵御老鼠" suffix="1|500" target="消灭巨型鼠500只"/>
  <item achi_value="20" award="" catalog="关卡" id="0x13210022" lua_script="IsKilledEnemy(0x001d,100)" name="消灭洞君（boss）" sub_catalog="美味岛·抵御老鼠" suffix="1|100" target="消灭洞君（boss）100次"/>
  <item achi_value="20" award="" catalog="关卡" id="0x13210023" lua_script="IsKilledEnemy(0x001a,100)" name="消灭阿诺（boss）" sub_catalog="美味岛·抵御老鼠" suffix="1|100" target="消灭阿诺（boss）100次"/>
  <item achi_value="20" award="" catalog="关卡" id="0x13210024" lua_script="IsKilledEnemy(0x0019,70)" name="消灭冰渣（boss）" sub_catalog="美味岛·抵御老鼠" suffix="1|70" target="消灭冰渣（boss）70次"/>
  <item achi_value="20" award="" catalog="关卡" id="0x13210025" lua_script="IsKilledEnemy(0x0018,70)" name="消灭轰隆隆（boss）" sub_catalog="美味岛·抵御老鼠" suffix="1|70" target="消灭轰隆隆（boss）70次"/>
  <item achi_value="20" award="" catalog="关卡" id="0x13210026" lua_script="IsKilledEnemy(0x001b,50)" name="消灭法老鼠原形（boss）" sub_catalog="美味岛·抵御老鼠" suffix="1|50" target="消灭神殿里的法老鼠原形（boss）50次"/>
  <item achi_value="20" award="" catalog="关卡" id="0x13210027" lua_script="IsKilledEnemy(0x001c,50)" name="消灭法老鼠变身（boss）" sub_catalog="美味岛·抵御老鼠" suffix="1|50" target="消灭深渊里的法老鼠变身（boss）50次"/>
  <item achi_value="20" award="美味岛拯救者_0x14c00730_1个" catalog="关卡" id="0x132a0001" lua_script="GetAchievementType(0x13200000)" name="老鼠克星" sub_catalog="美味岛·抵御老鼠" suffix="" target="完成所有美味岛抵御老鼠任务"/>
  <item achi_value="20" award="" catalog="关卡" id="0x13410001" lua_script="IsKilledEnemy(0x0031,3000)" name="消灭黄瓜平民鼠" sub_catalog="火山岛·抵御老鼠" suffix="1|3000" target="消灭黄瓜平民鼠3000只"/>
  <item achi_value="20" award="" catalog="关卡" id="0x13410002" lua_script="IsKilledEnemy(0x0032,2000)" name="消灭苹果球迷鼠" sub_catalog="火山岛·抵御老鼠" suffix="1|2000" target="消灭苹果球迷鼠2000只"/>
  <item achi_value="20" award="" catalog="关卡" id="0x13410003" lua_script="IsKilledEnemy(0x0033,1000)" name="消灭煎蛋铁锅鼠" sub_catalog="火山岛·抵御老鼠" suffix="1|1000" target="消灭煎蛋铁锅鼠1000只"/>
  <item achi_value="20" award="" catalog="关卡" id="0x13410004" lua_script="IsKilledEnemy(0x0034,1000)" name="消灭橘子滑板鼠" sub_catalog="火山岛·抵御老鼠" suffix="1|1000" target="消灭橘子滑板鼠1000只"/>
  <item achi_value="20" award="" catalog="关卡" id="0x13410005" lua_script="IsKilledEnemy(0x003c,1000)" name="消灭坚果僵尸鼠" sub_catalog="火山岛·抵御老鼠" suffix="1|1000" target="消灭坚果僵尸鼠1000只"/>
  <item achi_value="20" award="" catalog="关卡" id="0x13410006" lua_script="IsKilledEnemy(0x0121,2000)" name="消灭黄瓜纸船鼠" sub_catalog="火山岛·抵御老鼠" suffix="1|2000" target="消灭黄瓜纸船鼠2000只"/>
  <item achi_value="20" award="" catalog="关卡" id="0x13410007" lua_script="IsKilledEnemy(0x0122,2000)" name="消灭苹果泳圈鼠" sub_catalog="火山岛·抵御老鼠" suffix="1|2000" target="消灭苹果泳圈鼠2000只"/>
  <item achi_value="20" award="" catalog="关卡" id="0x13410008" lua_script="IsKilledEnemy(0x0123,1000)" name="消灭煎蛋泳圈鼠" sub_catalog="火山岛·抵御老鼠" suffix="1|1000" target="消灭煎蛋泳圈鼠1000只"/>
  <item achi_value="20" award="" catalog="关卡" id="0x13410009" lua_script="IsKilledEnemy(0x0125,800)" name="消灭陈皮王子鼠" sub_catalog="火山岛·抵御老鼠" suffix="1|800" target="消灭陈皮王子鼠800只"/>
  <item achi_value="20" award="" catalog="关卡" id="0x13410010" lua_script="IsKilledEnemy(0x0014,800)" name="消灭飞行路障鼠" sub_catalog="火山岛·抵御老鼠" suffix="1|800" target="消灭飞行路障鼠1000只"/>
  <item achi_value="20" award="" catalog="关卡" id="0x13410011" lua_script="IsKilledEnemy(0x0027,800)" name="消灭魔术师鼠" sub_catalog="火山岛·抵御老鼠" suffix="1|800" target="消灭魔术师鼠800只"/>
  <item achi_value="20" award="" catalog="关卡" id="0x13410012" lua_script="IsKilledEnemy(0x0017,800)" name="消灭幽灵鼠" sub_catalog="火山岛·抵御老鼠" suffix="1|800" target="消灭幽灵鼠800只"/>
  <item achi_value="20" award="" catalog="关卡" id="0x13410013" lua_script="IsKilledEnemy(0x0016,800)" name="消灭纵火鼠" sub_catalog="火山岛·抵御老鼠" suffix="1|800" target="消灭纵火鼠800只"/>
  <item achi_value="20" award="" catalog="关卡" id="0x13410014" lua_script="IsKilledEnemy(0x0015,800)" name="消灭陆企鹅鼠" sub_catalog="火山岛·抵御老鼠" suffix="1|800" target="消灭陆企鹅鼠800只"/>
  <item achi_value="20" award="" catalog="关卡" id="0x13410015" lua_script="IsKilledEnemy(0x0108,800)" name="消灭水企鹅鼠" sub_catalog="火山岛·抵御老鼠" suffix="1|800" target="消灭水企鹅鼠800只"/>
  <item achi_value="20" award="" catalog="关卡" id="0x13410016" lua_script="IsKilledEnemy(0x0106,800)" name="消灭水潜艇鼠" sub_catalog="火山岛·抵御老鼠" suffix="1|800" target="消灭水潜艇鼠800只"/>
  <item achi_value="20" award="" catalog="关卡" id="0x13410018" lua_script="IsKilledEnemy(0x0030,800)" name="消灭伞兵鼠" sub_catalog="火山岛·抵御老鼠" suffix="1|800" target="消灭伞兵鼠1000只"/>
  <item achi_value="20" award="" catalog="关卡" id="0x13410019" lua_script="IsKilledEnemy(0x0022,800)" name="消灭熊猫鼠" sub_catalog="火山岛·抵御老鼠" suffix="1|800" target="消灭熊猫鼠800只"/>
  <item achi_value="20" award="" catalog="关卡" id="0x13410020" lua_script="IsKilledEnemy(0x002a,500)" name="消灭魔笛鼠" sub_catalog="火山岛·抵御老鼠" suffix="1|500" target="消灭魔笛鼠500只"/>
  <item achi_value="20" award="" catalog="关卡" id="0x13410021" lua_script="IsKilledEnemy(0x002b,800)" name="消灭罐头鼠" sub_catalog="火山岛·抵御老鼠" suffix="1|800" target="消灭罐头鼠800只"/>
  <item achi_value="20" award="" catalog="关卡" id="0x13410022" lua_script="IsKilledEnemy(0x0029,800)" name="消灭非主流鼠" sub_catalog="火山岛·抵御老鼠" suffix="1|800" target="消灭非主流鼠800只"/>
  <item achi_value="20" award="" catalog="关卡" id="0x13410023" lua_script="IsKilledEnemy(0x0109,800)" name="消灭突袭鼠" sub_catalog="火山岛·抵御老鼠" suffix="1|800" target="消灭突袭鼠800只"/>
  <item achi_value="20" award="" catalog="关卡" id="0x13410024" lua_script="IsKilledEnemy(0x010a,800)" name="消灭胡蝶泳圈鼠" sub_catalog="火山岛·抵御老鼠" suffix="1|800" target="消灭胡蝶泳圈鼠800只"/>
  <item achi_value="20" award="" catalog="关卡" id="0x13410025" lua_script="IsKilledEnemy(0x010b,500)" name="消灭划艇鼠" sub_catalog="火山岛·抵御老鼠" suffix="1|500" target="消灭划艇鼠500只"/>
  <item achi_value="20" award="" catalog="关卡" id="0x13410026" lua_script="IsKilledEnemy(0x0020,100)" name="消灭粉红保罗（BOSS）" sub_catalog="火山岛·抵御老鼠" suffix="1|100" target="消灭粉红保罗（BOSS）100次"/>
  <item achi_value="20" award="" catalog="关卡" id="0x13410027" lua_script="IsKilledEnemy(0x0021,100)" name="消灭金发玛丽（BOSS）" sub_catalog="火山岛·抵御老鼠" suffix="1|100" target="消灭金发玛丽（BOSS）100次"/>
  <item achi_value="20" award="" catalog="关卡" id="0x13410028" lua_script="IsKilledEnemy(0x0023,50)" name="消灭地狱屎者（BOSS）" sub_catalog="火山岛·抵御老鼠" suffix="1|50" target="消灭地狱屎者（BOSS）50次"/>
  <item achi_value="20" award="" catalog="关卡" id="0x13410029" lua_script="IsKilledEnemy(0x0024,70)" name="消灭针头男爵（BOSS）" sub_catalog="火山岛·抵御老鼠" suffix="1|70" target="消灭针头男爵（BOSS）70次"/>
  <item achi_value="20" award="" catalog="关卡" id="0x13410030" lua_script="IsKilledEnemy(0x0026,70)" name="消灭嗡嗡中尉（BOSS）" sub_catalog="火山岛·抵御老鼠" suffix="1|70" target="消灭嗡嗡中尉（BOSS）70次"/>
  <item achi_value="20" award="" catalog="关卡" id="0x13410031" lua_script="IsKilledEnemy(0x0025,50)" name="消灭暴躁杰克（BOSS）" sub_catalog="火山岛·抵御老鼠" suffix="1|50" target="消灭暴躁杰克（BOSS）50次"/>
  <item achi_value="20" award="" catalog="关卡" id="0x13410032" lua_script="IsKilledEnemy(0x003d,50)" name="消灭钢爪皮特（BOSS）" sub_catalog="火山岛·抵御老鼠" suffix="1|50" target="消灭钢爪皮特（BOSS）50次"/>
  <item achi_value="20" award="" catalog="关卡" id="0x13410033" lua_script="IsKilledEnemy(0x003e,50)" name="消灭迷雾朱莉（BOSS）" sub_catalog="火山岛·抵御老鼠" suffix="1|50" target="消灭迷雾朱莉（BOSS）50次"/>
  <item achi_value="20" award="" catalog="关卡" id="0x13410034" lua_script="IsKilledEnemy(0x003f,30)" name="消灭炽热金刚（BOSS）" sub_catalog="火山岛·抵御老鼠" suffix="1|30" target="消灭炽热金刚（BOSS）30次"/>
  <item achi_value="40" award="火山岛拯救者_0x14c01430_1个" catalog="关卡" id="0x134a0001" lua_script="GetAchievementType(0x13400000)" name="灭鼠天王" sub_catalog="火山岛·抵御老鼠" suffix="" target="完成所有火山岛抵御老鼠任务"/>
  <item achi_value="10" award="" catalog="关卡" id="0x13410035" lua_script="isMoTaMap()|IsWin()|CheckTimes(10)" name="魔塔新手" sub_catalog="魔塔蛋糕" suffix="1|10" target="魔塔蛋糕通关累计10次"/>
  <item achi_value="20" award="" catalog="关卡" id="0x13410036" lua_script="isMoTaMap()|IsWin()|CheckTimes(100)" name="魔塔能手" sub_catalog="魔塔蛋糕" suffix="1|100" target="魔塔蛋糕通关累计100次"/>
  <item achi_value="30" award="" catalog="关卡" id="0x13410037" lua_script="isMoTaMap()|IsWin()|CheckTimes(300)" name="魔塔高手" sub_catalog="魔塔蛋糕" suffix="1|300" target="魔塔蛋糕通关累计300次"/>
  <item achi_value="40" award="魔塔王者_0x14c01e30_1个" catalog="关卡" id="0x13410038" lua_script="isMoTaMap()|IsWin()|CheckTimes(800)" name="魔塔王者" sub_catalog="魔塔蛋糕" suffix="1|800" target="魔塔蛋糕通关累计800次"/>
  <item achi_value="20" award="" catalog="关卡" id="0x13460001" lua_script="IsLocalTask(0x10)|moTaRank(200)" name="魔塔前200名" sub_catalog="魔塔蛋糕" suffix="" target="进入魔塔蛋糕周排行榜200名"/>
  <item achi_value="30" award="" catalog="关卡" id="0x13460002" lua_script="IsLocalTask(0x10)|moTaRank(100)" name="魔塔前100名" sub_catalog="魔塔蛋糕" suffix="" target="进入魔塔蛋糕周排行榜100名"/>
  <item achi_value="40" award="" catalog="关卡" id="0x13460003" lua_script="IsLocalTask(0x10)|moTaRank(50)" name="魔塔前50名" sub_catalog="魔塔蛋糕" suffix="" target="进入魔塔蛋糕排行榜50名"/>
  <item achi_value="40" award="" catalog="关卡" id="0x13460004" lua_script="IsLocalTask(0x10)|moTaRank(20)" name="魔塔前20名" sub_catalog="魔塔蛋糕" suffix="" target="进入魔塔蛋糕排行榜20名"/>
  <item achi_value="40" award="" catalog="关卡" id="0x13460005" lua_script="IsLocalTask(0x10)|moTaRank(10)" name="魔塔前10名" sub_catalog="魔塔蛋糕" suffix="" target="进入魔塔蛋糕排行榜10名"/>
  <item achi_value="40" award="" catalog="关卡" id="0x13460006" lua_script="IsLocalTask(0x10)|moTaRank(5)" name="魔塔前5名" sub_catalog="魔塔蛋糕" suffix="" target="进入魔塔蛋糕排行榜5名"/>
  <item achi_value="40" award="" catalog="关卡" id="0x13460007" lua_script="IsLocalTask(0x10)|moTaRank(1)" name="魔塔第1名" sub_catalog="魔塔蛋糕" suffix="" target="进入魔塔蛋糕排行榜1名"/>
  <item achi_value="10" award="" catalog="关卡" id="0x13410039" lua_script="IsWin()|IsMotaMap(5)" name="通过第5层" sub_catalog="魔塔蛋糕" suffix="" target="通关魔塔蛋糕第5层"/>
  <item achi_value="10" award="" catalog="关卡" id="0x13410040" lua_script="IsWin()|IsMotaMap(10)" name="通过第10层" sub_catalog="魔塔蛋糕" suffix="" target="通关魔塔蛋糕第10层"/>
  <item achi_value="10" award="" catalog="关卡" id="0x13410041" lua_script="IsWin()|IsMotaMap(15)" name="通过第15层" sub_catalog="魔塔蛋糕" suffix="" target="通关魔塔蛋糕第15层"/>
  <item achi_value="10" award="" catalog="关卡" id="0x13410042" lua_script="IsWin()|IsMotaMap(20)" name="通过第20层" sub_catalog="魔塔蛋糕" suffix="" target="通关魔塔蛋糕第20层"/>
  <item achi_value="20" award="" catalog="关卡" id="0x13410043" lua_script="IsWin()|IsMotaMap(25)" name="通过第25层" sub_catalog="魔塔蛋糕" suffix="" target="通关魔塔蛋糕第25层"/>
  <item achi_value="20" award="" catalog="关卡" id="0x13410044" lua_script="IsWin()|IsMotaMap(30)" name="通过第30层" sub_catalog="魔塔蛋糕" suffix="" target="通关魔塔蛋糕第30层"/>
  <item achi_value="20" award="" catalog="关卡" id="0x13410045" lua_script="IsWin()|IsMotaMap(35)" name="通过第35层" sub_catalog="魔塔蛋糕" suffix="" target="通关魔塔蛋糕第35层"/>
  <item achi_value="20" award="" catalog="关卡" id="0x13410046" lua_script="IsWin()|IsMotaMap(40)" name="通过第40层" sub_catalog="魔塔蛋糕" suffix="" target="通关魔塔蛋糕第40层"/>
  <item achi_value="30" award="" catalog="关卡" id="0x13410047" lua_script="IsWin()|IsMotaMap(45)" name="通过第45层" sub_catalog="魔塔蛋糕" suffix="" target="通关魔塔蛋糕第45层"/>
  <item achi_value="30" award="" catalog="关卡" id="0x13410048" lua_script="IsWin()|IsMotaMap(50)" name="通过第50层" sub_catalog="魔塔蛋糕" suffix="" target="通关魔塔蛋糕第50层"/>
  <item achi_value="30" award="" catalog="关卡" id="0x13410049" lua_script="IsWin()|IsMotaMap(55)" name="通过第55层" sub_catalog="魔塔蛋糕" suffix="" target="通关魔塔蛋糕第55层"/>
  <item achi_value="30" award="" catalog="关卡" id="0x13410050" lua_script="IsWin()|IsMotaMap(60)" name="通过第60层" sub_catalog="魔塔蛋糕" suffix="" target="通关魔塔蛋糕第60层"/>
  <item achi_value="40" award="" catalog="关卡" id="0x13410051" lua_script="IsWin()|IsMotaMap(65)" name="通过第65层" sub_catalog="魔塔蛋糕" suffix="" target="通关魔塔蛋糕第65层"/>
  <item achi_value="40" award="" catalog="关卡" id="0x13410052" lua_script="IsWin()|IsMotaMap(70)" name="通过第70层" sub_catalog="魔塔蛋糕" suffix="" target="通关魔塔蛋糕第70层"/>
  <item achi_value="40" award="" catalog="关卡" id="0x13410053" lua_script="IsWin()|IsMotaMap(75)" name="通过第75层" sub_catalog="魔塔蛋糕" suffix="" target="通关魔塔蛋糕第75层"/>
  <item achi_value="40" award="" catalog="关卡" id="0x13410054" lua_script="IsWin()|IsMotaMap(80)" name="通过第80层" sub_catalog="魔塔蛋糕" suffix="" target="通关魔塔蛋糕第80层"/>
  <item achi_value="50" award="" catalog="关卡" id="0x13410055" lua_script="IsWin()|IsMotaMap(85)" name="通过第85层" sub_catalog="魔塔蛋糕" suffix="" target="通关魔塔蛋糕第85层"/>
  <item achi_value="50" award="" catalog="关卡" id="0x13410056" lua_script="IsWin()|IsMotaMap(90)" name="通过第90层" sub_catalog="魔塔蛋糕" suffix="" target="通关魔塔蛋糕第90层"/>
  <item achi_value="50" award="" catalog="关卡" id="0x13410057" lua_script="IsWin()|IsMotaMap(95)" name="通过第95层" sub_catalog="魔塔蛋糕" suffix="" target="通关魔塔蛋糕第95层"/>
  <item achi_value="50" award="" catalog="关卡" id="0x13410058" lua_script="IsWin()|IsMotaMap(100)" name="通过第100层" sub_catalog="魔塔蛋糕" suffix="" target="通关魔塔蛋糕第100层"/>
  <item achi_value="20" award="" catalog="关卡" id="0x13410059" lua_script="IsKilledEnemy(0x0090,3000)" name="消灭机器平民鼠" sub_catalog="浮空岛·抵御老鼠" suffix="1|3000" target="消灭机器平民鼠3000只"/>
  <item achi_value="20" award="" catalog="关卡" id="0x13410060" lua_script="IsKilledEnemy(0x0091,2000)" name="消灭机器球迷鼠" sub_catalog="浮空岛·抵御老鼠" suffix="1|2000" target="消灭机器球迷鼠2000只"/>
  <item achi_value="20" award="" catalog="关卡" id="0x13410061" lua_script="IsKilledEnemy(0x0093,1000)" name="消灭机器铁锅鼠" sub_catalog="浮空岛·抵御老鼠" suffix="1|1000" target="消灭机器铁锅鼠1000只"/>
  <item achi_value="20" award="" catalog="关卡" id="0x13410062" lua_script="IsKilledEnemy(0x0092,1000)" name="消灭机器滑板鼠" sub_catalog="浮空岛·抵御老鼠" suffix="1|1000" target="消灭机器滑板鼠1000只"/>
  <item achi_value="20" award="" catalog="关卡" id="0x13410063" lua_script="IsKilledEnemy(0x0094,500)" name="消灭机器举旗鼠" sub_catalog="浮空岛·抵御老鼠" suffix="1|500" target="消灭机器举旗鼠500只"/>
  <item achi_value="20" award="" catalog="关卡" id="0x13410064" lua_script="IsKilledEnemy(0x0095,500)" name="消灭魔镜鼠" sub_catalog="浮空岛·抵御老鼠" suffix="1|500" target="消灭魔镜鼠500只"/>
  <item achi_value="20" award="" catalog="关卡" id="0x13410065" lua_script="IsKilledEnemy(0x0096,500)" name="消灭小号手鼠" sub_catalog="浮空岛·抵御老鼠" suffix="1|500" target="消灭小号手鼠500只"/>
  <item achi_value="10" award="" catalog="竞技" id="0x14010001" lua_script="IsVSMode()|IsWin()|CheckTimes(10)" name="战斗开始" sub_catalog="" suffix="1|10" target="累计获得10场战斗胜利"/>
  <item achi_value="10" award="" catalog="竞技" id="0x14010002" lua_script="IsVSMode()|IsWin()|CheckTimes(30)" name="热身赛" sub_catalog="" suffix="1|30" target="累计获得30场战斗胜利"/>
  <item achi_value="10" award="" catalog="竞技" id="0x14010003" lua_script="IsVSMode()|IsWin()|CheckTimes(50)" name="小有成就" sub_catalog="" suffix="1|50" target="累计获得50场战斗胜利"/>
  <item achi_value="10" award="" catalog="竞技" id="0x14010004" lua_script="IsVSMode()|IsWin()|CheckTimes(80)" name="需要一场真正战斗" sub_catalog="" suffix="1|80" target="累计获得80场战斗胜利"/>
  <item achi_value="20" award="" catalog="竞技" id="0x14010005" lua_script="IsVSMode()|IsWin()|CheckTimes(100)" name="战斗不息" sub_catalog="" suffix="1|100" target="累计获得100场战斗胜利"/>
  <item achi_value="20" award="战斗英雄_0x14c00830_1个" catalog="竞技" id="0x14010006" lua_script="IsVSMode()|IsWin()|CheckTimes(150)" name="失败是什么滋味" sub_catalog="" suffix="1|150" target="累计获得150场战斗胜利"/>
  <item achi_value="10" award="" catalog="竞技" id="0x14010007" lua_script="Is1VS1Mode()|IsWin()|CheckTimes(30)" name="一个人作战" sub_catalog="" suffix="1|30" target="单人竞技胜利30场"/>
  <item achi_value="10" award="" catalog="竞技" id="0x14010008" lua_script="Is2VS2Mode()|IsWin()|CheckTimes(30)" name="合作求胜" sub_catalog="" suffix="1|30" target="双人竞技胜利30场"/>
  <item achi_value="10" award="" catalog="竞技" id="0x14040001" lua_script="IsVSLevelUp(2)" name="竞技初级1级" sub_catalog="" suffix="" target="竞技等级升至初级1级"/>
  <item achi_value="10" award="" catalog="竞技" id="0x14040002" lua_script="IsVSLevelUp(3)" name="竞技初级2级" sub_catalog="" suffix="" target="竞技等级升至初级2级"/>
  <item achi_value="10" award="" catalog="竞技" id="0x14040003" lua_script="IsVSLevelUp(4)" name="竞技初级3级" sub_catalog="" suffix="" target="竞技等级升至初级3级"/>
  <item achi_value="10" award="" catalog="竞技" id="0x14040004" lua_script="IsVSLevelUp(5)" name="竞技中手" sub_catalog="" suffix="" target="竞技等级升至中级0级"/>
  <item achi_value="10" award="" catalog="竞技" id="0x14040005" lua_script="IsVSLevelUp(6)" name="竞技中级1级" sub_catalog="" suffix="" target="竞技等级升至中级1级"/>
  <item achi_value="10" award="" catalog="竞技" id="0x14040006" lua_script="IsVSLevelUp(7)" name="竞技中级2级" sub_catalog="" suffix="" target="竞技等级升至中级2级"/>
  <item achi_value="10" award="" catalog="竞技" id="0x14040007" lua_script="IsVSLevelUp(8)" name="竞技中级3级" sub_catalog="" suffix="" target="竞技等级升至中级3级"/>
  <item achi_value="10" award="" catalog="竞技" id="0x14040008" lua_script="IsVSLevelUp(9)" name="竞技中级4级" sub_catalog="" suffix="" target="竞技等级升至中级4级"/>
  <item achi_value="10" award="" catalog="竞技" id="0x14040009" lua_script="IsVSLevelUp(10)" name="竞技中级5级" sub_catalog="" suffix="" target="竞技等级升至中级5级"/>
  <item achi_value="20" award="" catalog="竞技" id="0x14040010" lua_script="IsVSLevelUp(11)" name="竞技高手" sub_catalog="" suffix="" target="竞技等级升至高级0级"/>
  <item achi_value="20" award="" catalog="竞技" id="0x14040011" lua_script="IsVSLevelUp(12)" name="竞技高级1级" sub_catalog="" suffix="" target="竞技等级升至高级1级"/>
  <item achi_value="20" award="" catalog="竞技" id="0x14040012" lua_script="IsVSLevelUp(13)" name="竞技高级2级" sub_catalog="" suffix="" target="竞技等级升至高级2级"/>
  <item achi_value="20" award="" catalog="竞技" id="0x14040013" lua_script="IsVSLevelUp(14)" name="竞技高级3级" sub_catalog="" suffix="" target="竞技等级升至高级3级"/>
  <item achi_value="20" award="" catalog="竞技" id="0x14040014" lua_script="IsVSLevelUp(15)" name="竞技高级4级" sub_catalog="" suffix="" target="竞技等级升至高级4级"/>
  <item achi_value="20" award="" catalog="竞技" id="0x14040015" lua_script="IsVSLevelUp(16)" name="竞技高级5级" sub_catalog="" suffix="" target="竞技等级升至高级5级"/>
  <item achi_value="30" award="战斗大师_0x14c01530_1个" catalog="竞技" id="0x14040016" lua_script="IsVSLevelUp(17)" name="竞技大师" sub_catalog="" suffix="" target="竞技等级升至大师0级"/>
  <item achi_value="30" award="" catalog="竞技" id="0x14040017" lua_script="IsVSLevelUp(18)" name="竞技大师1级" sub_catalog="" suffix="" target="竞技等级升至大师1级"/>
  <item achi_value="30" award="" catalog="竞技" id="0x14040018" lua_script="IsVSLevelUp(19)" name="竞技大师2级" sub_catalog="" suffix="" target="竞技等级升至大师2级"/>
  <item achi_value="30" award="" catalog="竞技" id="0x14040019" lua_script="IsVSLevelUp(20)" name="竞技大师3级" sub_catalog="" suffix="" target="竞技等级升至大师3级"/>
  <item achi_value="10" award="" catalog="竞技" id="0x14060001" lua_script="IsLocalTask(7)|IsVSRank(100)" name="竞技新人" sub_catalog="" suffix="" target="竞技等级排行榜进前100名"/>
  <item achi_value="10" award="" catalog="竞技" id="0x14060002" lua_script="IsLocalTask(7)|IsVSRank(10)" name="竞技狂人" sub_catalog="" suffix="" target="竞技等级排行榜进前10名"/>
  <item achi_value="20" award="" catalog="竞技" id="0x14060003" lua_script="IsLocalTask(7)|IsVSRank(1)" name="无人争锋" sub_catalog="" suffix="" target="竞技等级排行榜进入第1名"/>
  <item achi_value="10" award="" catalog="技能" id="0x15060001" lua_script="IsLocalTask(4)|CheckSkillLevel(0,1)" name="第一次练习技能" sub_catalog="" suffix="" target="学习第一个卡片技能"/>
  <item achi_value="10" award="" catalog="技能" id="0x15060002" lua_script="IsLocalTask(4)|CheckSkillLevel(3,1)" name="我的技能3级了" sub_catalog="" suffix="" target="卡片技能出现第一个3级"/>
  <item achi_value="10" award="" catalog="技能" id="0x15060003" lua_script="IsLocalTask(4)|CheckSkillLevel(3,5)" name="技能初学" sub_catalog="" suffix="1|5" target="5张卡片技能练到3级"/>
  <item achi_value="10" award="技能新星_0x14c00930_1个" catalog="技能" id="0x15060004" lua_script="IsLocalTask(4)|CheckSkillLevel(3,15)" name="基本技能" sub_catalog="" suffix="1|15" target="15张卡片技能练到3级"/>
  <item achi_value="10" award="" catalog="技能" id="0x15060005" lua_script="IsLocalTask(4)|CheckSkillLevel(3,19)" name="基础扎实" sub_catalog="" suffix="1|19" target="19张卡片技能练到3级"/>
  <item achi_value="10" award="" catalog="技能" id="0x15060006" lua_script="IsLocalTask(4)|CheckSkillLevel(5,5)" name="深造" sub_catalog="" suffix="1|5" target="5张卡片技能练到5级"/>
  <item achi_value="10" award="技能博学者_0x14c00a30_1个" catalog="技能" id="0x15060007" lua_script="IsLocalTask(4)|CheckSkillLevel(5,15)" name="深入学习" sub_catalog="" suffix="1|15" target="15张卡片技能练到5级"/>
  <item achi_value="10" award="" catalog="技能" id="0x15060008" lua_script="IsLocalTask(4)|CheckSkillLevel(5,19)" name="博学者" sub_catalog="" suffix="1|19" target="19张卡片技能练到5级"/>
  <item achi_value="20" award="" catalog="技能" id="0x15060009" lua_script="IsLocalTask(4)|CheckSkillLevel(7,1)" name="第一个终极技能" sub_catalog="" suffix="" target="1张卡片技能练到7级"/>
  <item achi_value="20" award="" catalog="技能" id="0x15060010" lua_script="IsLocalTask(4)|CheckSkillLevel(7,3)" name="更多终极技能" sub_catalog="" suffix="1|3" target="3张卡片技能练到7级"/>
  <item achi_value="20" award="" catalog="技能" id="0x15060011" lua_script="IsLocalTask(4)|CheckSkillLevel(7,5)" name="实力大增" sub_catalog="" suffix="1|5" target="5张卡片技能练到7级"/>
  <item achi_value="20" award="" catalog="技能" id="0x15060012" lua_script="IsLocalTask(4)|CheckSkillLevel(7,7)" name="很强大" sub_catalog="" suffix="1|7" target="7张卡片技能练到7级"/>
  <item achi_value="20" award="" catalog="技能" id="0x15060013" lua_script="IsLocalTask(4)|CheckSkillLevel(7,12)" name="少有人达到" sub_catalog="" suffix="1|12" target="12张卡片技能练到7级"/>
  <item achi_value="20" award="技能大师_0x14c00b30_1个" catalog="技能" id="0x15060014" lua_script="IsLocalTask(4)|CheckSkillLevel(7,19)" name="无人能及" sub_catalog="" suffix="1|19" target="19张卡片技能练到7级"/>
  <item achi_value="10" award="" catalog="强化合成" id="0x16030001" lua_script="IsStrengthenCard(0)" name="学习强化了" sub_catalog="卡片强化" suffix="" target="强化任意一张卡片"/>
  <item achi_value="10" award="" catalog="强化合成" id="0x16030002" lua_script="IsStrengthenCard(4)" name="卡片4星了" sub_catalog="卡片强化" suffix="" target="强化第一张4星卡片"/>
  <item achi_value="10" award="" catalog="强化合成" id="0x16030003" lua_script="IsStrengthenCard(3)|CheckTimes(5)" name="强化5张3星卡" sub_catalog="卡片强化" suffix="1|5" target="5张卡片强化到3星"/>
  <item achi_value="10" award="" catalog="强化合成" id="0x16030004" lua_script="IsStrengthenCard(3)|CheckTimes(10)" name="强化10张3星卡" sub_catalog="卡片强化" suffix="1|10" target="10张卡片强化到3星"/>
  <item achi_value="20" award="" catalog="强化合成" id="0x16030005" lua_script="IsStrengthenCard(3)|CheckTimes(20)" name="强化20张3星卡" sub_catalog="卡片强化" suffix="1|20" target="20张卡片强化到3星"/>
  <item achi_value="10" award="" catalog="强化合成" id="0x16030006" lua_script="IsStrengthenCard(7)|CheckTimes(5)" name="强化5张7星卡" sub_catalog="卡片强化" suffix="1|5" target="5张卡片强化到7星"/>
  <item achi_value="10" award="" catalog="强化合成" id="0x16030007" lua_script="IsStrengthenCard(7)|CheckTimes(10)" name="强化10张7星卡" sub_catalog="卡片强化" suffix="1|10" target="10张卡片强化到7星"/>
  <item achi_value="20" award="不可小觑_0x14c00c30_1个" catalog="强化合成" id="0x16030008" lua_script="IsStrengthenCard(7)|CheckTimes(20)" name="强化20张7星卡" sub_catalog="卡片强化" suffix="1|20" target="20张卡片强化到7星"/>
  <item achi_value="20" award="" catalog="强化合成" id="0x16030009" lua_script="IsStrengthenCard(9)" name="强化1张9星卡" sub_catalog="卡片强化" suffix="" target="1张卡片强化到9星"/>
  <item achi_value="20" award="" catalog="强化合成" id="0x16030010" lua_script="IsStrengthenCard(9)|CheckTimes(5)" name="强化5张9星卡" sub_catalog="卡片强化" suffix="1|5" target="5张卡片强化到9星"/>
  <item achi_value="30" award="" catalog="强化合成" id="0x16030075" lua_script="IsStrengthenCard(10)" name="强化1张10星卡" sub_catalog="卡片强化" suffix="" target="1张卡片强化到10星"/>
  <item achi_value="30" award="" catalog="强化合成" id="0x16030076" lua_script="IsStrengthenCard(10)|CheckTimes(3)" name="强化3张10星卡" sub_catalog="卡片强化" suffix="1|3" target="3张卡片强化到10星"/>
  <item achi_value="30" award="天下无双_0x14c00d30_1个" catalog="强化合成" id="0x16030077" lua_script="IsStrengthenCard(10)|CheckTimes(5)" name="强化5张10星卡" sub_catalog="卡片强化" suffix="1|5" target="5张卡片强化到10星"/>
  <item achi_value="40" award="" catalog="强化合成" id="0x16030126" lua_script="IsStrengthenCard(11)|CheckTimes(1)" name="强化1张11星卡" sub_catalog="卡片强化" suffix="" target="1张卡片强化到11星"/>
  <item achi_value="40" award="" catalog="强化合成" id="0x16030127" lua_script="IsStrengthenCard(11)|CheckTimes(3)" name="强化3张11星卡" sub_catalog="卡片强化" suffix="" target="3张卡片强化到11星"/>
  <item achi_value="50" award="" catalog="强化合成" id="0x16030128" lua_script="IsStrengthenCard(11)|CheckTimes(5)" name="强化5张11星卡" sub_catalog="卡片强化" suffix="" target="5张卡片强化到11星"/>
  <item achi_value="40" award="" catalog="强化合成" id="0x16030129" lua_script="IsStrengthenCard(12)|CheckTimes(1)" name="强化1张12星卡" sub_catalog="卡片强化" suffix="" target="1张卡片强化到12星"/>
  <item achi_value="40" award="" catalog="强化合成" id="0x16030130" lua_script="IsStrengthenCard(12)|CheckTimes(3)" name="强化3张12星卡" sub_catalog="卡片强化" suffix="" target="3张卡片强化到12星"/>
  <item achi_value="50" award="强卡之神_0x14c01730_1个" catalog="强化合成" id="0x16030131" lua_script="IsStrengthenCard(12)|CheckTimes(5)" name="强化5张12星卡" sub_catalog="卡片强化" suffix="" target="5张卡片强化到12星"/>
  <item achi_value="40" award="" catalog="强化合成" id="0x16030132" lua_script="IsStrengthenCard(13)|CheckTimes(1)" name="强化1张13星卡" sub_catalog="卡片强化" suffix="" target="1张卡片强化到13星"/>
  <item achi_value="40" award="" catalog="强化合成" id="0x16030133" lua_script="IsStrengthenCard(13)|CheckTimes(3)" name="强化3张13星卡" sub_catalog="卡片强化" suffix="" target="3张卡片强化到13星"/>
  <item achi_value="50" award="美食之王_0x14c01f30_1个" catalog="强化合成" id="0x16030134" lua_script="IsStrengthenCard(13)|CheckTimes(5)" name="强化5张13星卡" sub_catalog="卡片强化" suffix="" target="5张卡片强化到13星"/>
  <item achi_value="10" award="" catalog="强化合成" id="0x16030087" lua_script="isAcheiveShrengthenArmy(1,1)" name="学习武器强化" sub_catalog="武器强化" suffix="" target="第一次给武器镶嵌技能宝石"/>
  <item achi_value="10" award="" catalog="强化合成" id="0x16030088" lua_script="isAcheiveShrengthenArmy(0,1)" name="武器开1槽" sub_catalog="武器强化" suffix="" target="任意一把武器开启1个武器槽"/>
  <item achi_value="20" award="" catalog="强化合成" id="0x16030089" lua_script="isAcheiveShrengthenArmy(0,2)" name="武器开2槽" sub_catalog="武器强化" suffix="" target="任意一把武器开启2个武器槽"/>
  <item achi_value="30" award="" catalog="强化合成" id="0x16030123" lua_script="isAcheiveShrengthenArmy(0,3)" name="武器开3槽" sub_catalog="武器强化" suffix="" target="任意一把武器开启3个武器槽"/>
  <item achi_value="10" award="" catalog="强化合成" id="0x16030125" lua_script="isAcheiveDecomposGem()" name="获得强化水晶" sub_catalog="武器强化" suffix="" target="任意一个宝石分解成强化水晶"/>
  <item achi_value="10" award="" catalog="强化合成" id="0x16030093" lua_script="isAcheiveStrengthenGem(3,3)" name="暂露头角" sub_catalog="武器强化" suffix="" target="3个技能宝石强化到3级"/>
  <item achi_value="20" award="" catalog="强化合成" id="0x16030094" lua_script="isAcheiveStrengthenGem(3,7)" name="略有小成" sub_catalog="武器强化" suffix="" target="3个技能宝石强化到7级"/>
  <item achi_value="30" award="" catalog="强化合成" id="0x16030095" lua_script="isAcheiveStrengthenGem(3,9)" name="强力技能" sub_catalog="武器强化" suffix="" target="3个技能宝石强化到9级"/>
  <item achi_value="40" award="超强神技_0x14c02031_1个" catalog="强化合成" id="0x16030096" lua_script="isAcheiveStrengthenGem(3,10)" name="超强技能" sub_catalog="武器强化" suffix="" target="3个技能宝石强化到10级"/>
  <item achi_value="20" award="" catalog="强化合成" id="0x16060135" lua_script="isHasStrongCardItem(1,1)" name="第一次转职1转卡片" sub_catalog="卡片转职" suffix="" target="成功转职1张1转卡片"/>
  <item achi_value="30" award="" catalog="强化合成" id="0x16060136" lua_script="isHasStrongCardItem(5,1)" name="拥有5张1转卡片" sub_catalog="卡片转职" suffix="" target="成功转职5张1转卡片"/>
  <item achi_value="40" award="" catalog="强化合成" id="0x16060137" lua_script="isHasStrongCardItem(10,1)" name="拥有10张1转卡片" sub_catalog="卡片转职" suffix="" target="成功转职10张1转卡片"/>
  <item achi_value="40" award="" catalog="强化合成" id="0x16060138" lua_script="isHasStrongCardItem(15,1)" name="拥有15张1转卡片" sub_catalog="卡片转职" suffix="" target="成功转职15张1转卡片"/>
  <item achi_value="50" award="" catalog="强化合成" id="0x16060139" lua_script="isHasStrongCardItem(20,1)" name="拥有20张1转卡片" sub_catalog="卡片转职" suffix="" target="成功转职20张1转卡片"/>
  <item achi_value="30" award="" catalog="强化合成" id="0x16060140" lua_script="isHasStrongCardItem(1,2)" name="第一次转职2转卡片" sub_catalog="卡片转职" suffix="" target="成功转职1张2转卡片"/>
  <item achi_value="40" award="" catalog="强化合成" id="0x16060141" lua_script="isHasStrongCardItem(5,2)" name="拥有5张2转卡片" sub_catalog="卡片转职" suffix="" target="成功转职5张2转卡片"/>
  <item achi_value="40" award="" catalog="强化合成" id="0x16060142" lua_script="isHasStrongCardItem(10,2)" name="拥有10张2转卡片" sub_catalog="卡片转职" suffix="" target="成功转职10张2转卡片"/>
  <item achi_value="50" award="" catalog="强化合成" id="0x16060143" lua_script="isHasStrongCardItem(15,2)" name="拥有15张2转卡片" sub_catalog="卡片转职" suffix="" target="成功转职15张2转卡片"/>
  <item achi_value="50" award="" catalog="强化合成" id="0x16060144" lua_script="isHasStrongCardItem(20,2)" name="拥有20张2转卡片" sub_catalog="卡片转职" suffix="" target="成功转职20张2转卡片"/>
  <item achi_value="10" award="" catalog="综合" id="0x17020001" lua_script="IsAddNewFriend()" name="有好友了" sub_catalog="" suffix="" target="结交第1个好友"/>
  <item achi_value="10" award="" catalog="综合" id="0x17020002" lua_script="IsAddNewFriend()|CheckTimes(10)" name="更多好友" sub_catalog="" suffix="1|10" target="好友增加到10个"/>
  <item achi_value="10" award="" catalog="综合" id="0x17020003" lua_script="IsAddNewFriend()|CheckTimes(50)" name="知己满天下" sub_catalog="" suffix="1|50" target="好友增加到50个"/>
  <item achi_value="10" award="" catalog="综合" id="0x17020004" lua_script="IsAddConistra()" name="志同道合" sub_catalog="" suffix="" target="加入第一个公会"/>
  <item achi_value="20" award="" catalog="综合" id="0x17020005" lua_script="IsCreateConistra()" name="创建者" sub_catalog="" suffix="" target="创建第1个公会"/>
  <item achi_value="10" award="" catalog="综合" id="0x17020006" lua_script="IsConistraLevel(1)" name="刚起步" sub_catalog="" suffix="" target="公会第1级"/>
  <item achi_value="10" award="" catalog="综合" id="0x17020007" lua_script="IsConistraLevel(2)" name="有点小强" sub_catalog="" suffix="" target="公会第2级"/>
  <item achi_value="20" award="" catalog="综合" id="0x17020008" lua_script="IsConistraLevel(3)" name="很不错" sub_catalog="" suffix="" target="公会第3级"/>
  <item achi_value="20" award="" catalog="综合" id="0x17020009" lua_script="IsConistraLevel(4)" name="强大的靠山" sub_catalog="" suffix="" target="公会第4级"/>
  <item achi_value="20" award="至尊会员_0x14c00e30_1个" catalog="综合" id="0x17020010" lua_script="IsConistraLevel(5)" name="问鼎天下" sub_catalog="" suffix="" target="公会第5级"/>
  <item achi_value="10" award="" catalog="综合" id="0x17020011" lua_script="IsLeaveConistra()|CheckTimes(5)" name="转会狂" sub_catalog="" suffix="1|5" target="累计加入过5个公会"/>
  <item achi_value="10" award="" catalog="综合" id="0x17020015" lua_script="IsConistraShopLevel(3)" name="公会商城3级" sub_catalog="" suffix="" target="公会商城升到3级"/>
  <item achi_value="20" award="" catalog="综合" id="0x17020016" lua_script="IsConistraShopLevel(4)" name="公会商城4级" sub_catalog="" suffix="" target="公会商城升到4级"/>
  <item achi_value="30" award="" catalog="综合" id="0x17020017" lua_script="IsConistraShopLevel(5)" name="公会商城5级" sub_catalog="" suffix="" target="公会商城升到5级"/>
  <item achi_value="10" award="" catalog="综合" id="0x17020018" lua_script="IsConistraComposeLevel(3)" name="公会合成屋3级" sub_catalog="" suffix="" target="公会合成屋升到3级"/>
  <item achi_value="20" award="" catalog="综合" id="0x17020019" lua_script="IsConistraComposeLevel(4)" name="公会合成屋4级" sub_catalog="" suffix="" target="公会合成屋升到4级"/>
  <item achi_value="30" award="" catalog="综合" id="0x17020020" lua_script="IsConistraComposeLevel(5)" name="公会合成屋5级" sub_catalog="" suffix="" target="公会合成屋升到5级"/>
  <item achi_value="10" award="" catalog="综合" id="0x17020024" lua_script="IsConistraSkillLevel(3)" name="公会技能3级" sub_catalog="" suffix="" target="公会技能升到3级"/>
  <item achi_value="20" award="" catalog="综合" id="0x17020025" lua_script="IsConistraSkillLevel(4)" name="公会技能4级" sub_catalog="" suffix="" target="公会技能升到4级"/>
  <item achi_value="30" award="" catalog="综合" id="0x17020026" lua_script="IsConistraSkillLevel(5)" name="公会技能5级" sub_catalog="" suffix="" target="公会技能升到5级"/>
  <item achi_value="10" award="" catalog="综合" id="0x17060037" lua_script="IsLocalTask(12)" name="征集食友" sub_catalog="" suffix="" target="在缘分树登记过个人信息"/>
  <item achi_value="10" award="" catalog="综合" id="0x17060038" lua_script="IsLocalTask(11)|isUseLeaf(0,1)" name="缘分新人" sub_catalog="" suffix="" target="累计使用过1枚缘分金叶"/>
  <item achi_value="10" award="" catalog="综合" id="0x17060039" lua_script="IsLocalTask(11)|isUseLeaf(0,10)" name="缘分达人" sub_catalog="" suffix="" target="累计使用过10枚缘分金叶"/>
  <item achi_value="20" award="" catalog="综合" id="0x17060040" lua_script="IsLocalTask(11)|isUseLeaf(1,50)" name="缘分银星" sub_catalog="" suffix="" target="累计使用过50枚缘分银叶"/>
  <item achi_value="30" award="缘分金星_0x14c01a30_1个" catalog="综合" id="0x17060041" lua_script="IsLocalTask(11)|isUseLeaf(0,100)" name="缘分金星" sub_catalog="" suffix="" target="累计使用过100枚缘分金叶"/>
  <item achi_value="10" award="" catalog="综合" id="0x17060042" lua_script="IsLocalTask(4)|GetItemTypeCount(0x13c00000,1)" name="初获背包" sub_catalog="" suffix="" target="获得1种背包"/>
  <item achi_value="10" award="" catalog="综合" id="0x17060043" lua_script="IsLocalTask(4)|GetItemTypeCount(0x13c00000,5)" name="背包又多了耶" sub_catalog="" suffix="" target="集齐5种不同种类的背包"/>
  <item achi_value="20" award="" catalog="综合" id="0x17060044" lua_script="IsLocalTask(4)|GetItemTypeCount(0x13c00000,10)" name="背包达人" sub_catalog="" suffix="" target="集齐10种不同种类的背包"/>
  <item achi_value="20" award="" catalog="综合" id="0x17060045" lua_script="IsLocalTask(4)|GetItemTypeCount(0x13c00000,15)" name="移动仓库" sub_catalog="" suffix="" target="集齐15种不同种类的背包"/>
  <item achi_value="30" award="空间之王_0x14c01b30_1个" catalog="综合" id="0x17060046" lua_script="IsLocalTask(4)|GetItemTypeCount(0x13c00000,20)" name="空间之王" sub_catalog="" suffix="" target="集齐20种不同种类的背包"/>
  <item achi_value="10" award="" catalog="综合" id="0x17060001" lua_script="IsLocalTask(7)|IsLevelRank(100)" name="马马虎虎" sub_catalog="" suffix="" target="等级排名进入前100名"/>
  <item achi_value="10" award="" catalog="综合" id="0x17060002" lua_script="IsLocalTask(7)|IsLevelRank(10)" name="升级达人" sub_catalog="" suffix="" target="等级排名进入前10名"/>
  <item achi_value="20" award="" catalog="综合" id="0x17060003" lua_script="IsLocalTask(7)|IsLevelRank(1)" name="升级狂" sub_catalog="" suffix="" target="等级排名第1名"/>
  <item achi_value="10" award="" catalog="综合" id="0x17060004" lua_script="IsLocalTask(7)|IsWealthRank(100)" name="怎么就进了" sub_catalog="" suffix="" target="富豪榜进入前100名"/>
  <item achi_value="10" award="" catalog="综合" id="0x17060005" lua_script="IsLocalTask(7)|IsWealthRank(10)" name="花了点小钱" sub_catalog="" suffix="" target="富豪榜进入前10名"/>
  <item achi_value="20" award="" catalog="综合" id="0x17060006" lua_script="IsLocalTask(7)|IsWealthRank(1)" name="大富翁" sub_catalog="" suffix="" target="富豪榜第1名"/>
  <item achi_value="20" award="" catalog="综合" id="0x17060007" lua_script="IsLocalTask(4)|IsGoldCount(300000)" name="钱太多了" sub_catalog="" suffix="1|300000" target="金币数量达到30万"/>
  <item achi_value="20" award="" catalog="综合" id="0x17060008" lua_script="IsLocalTask(4)|IsMedalCount(3000)" name="勤劳所得" sub_catalog="" suffix="1|3000" target="礼券3000点"/>
  <item achi_value="20" award="" catalog="综合" id="0x17080001" lua_script="IsSendDalaba(30)" name="天下皆知" sub_catalog="" suffix="1|30" target="发大喇叭30次"/>
  <item achi_value="20" award="" catalog="综合" id="0x17060009" lua_script="IsLocalTask(9,0)|CheckTimes(300)" name="游手好闲" sub_catalog="" suffix="1|300" target="在美味镇闲逛达到300次"/>
  <item achi_value="10" award="" catalog="综合" id="0x17060010" lua_script="IsLocalTask(8,0)|CheckTimes(50)" name="二缺一" sub_catalog="" suffix="1|50" target="被人邀请通关或竞技50次"/>
  <item achi_value="10" award="" catalog="综合" id="0x17060011" lua_script="IsLocalTask(8,0)|CheckTimes(100)" name="求助你" sub_catalog="" suffix="1|100" target="被人邀请通关或竞技100次"/>
  <item achi_value="10" award="" catalog="综合" id="0x17060012" lua_script="IsLocalTask(8,0)|CheckTimes(300)" name="习惯帮助人" sub_catalog="" suffix="1|300" target="被人邀请通关或竞技300次"/>
  <item achi_value="20" award="" catalog="综合" id="0x17060013" lua_script="IsLocalTask(8,0)|CheckTimes(500)" name="有需要吗" sub_catalog="" suffix="1|500" target="被人邀请通关或竞技500次"/>
  <item achi_value="30" award="" catalog="综合" id="0x17060014" lua_script="IsLocalTask(8,0)|CheckTimes(1000)" name="万人迷" sub_catalog="" suffix="1|1000" target="被人邀请通关或竞技1000次"/>
  <item achi_value="10" award="" catalog="综合" id="0x17010006" lua_script="IsWin()|Is2VSComputerMode()|IsTeammateLevelLowerThen(15)|CheckTimes(50)" name="帮助新人" sub_catalog="" suffix="1|50" target="与15级以下玩家通关50次"/>
  <item achi_value="20" award="" catalog="综合" id="0x17010007" lua_script="IsWin()|Is2VSComputerMode()|IsTeammateLevelLowerThen(15)|CheckTimes(150)" name="培养新人" sub_catalog="" suffix="1|150" target="与15级以下玩家通关150次"/>
  <item achi_value="30" award="" catalog="综合" id="0x17010008" lua_script="IsWin()|Is2VSComputerMode()|IsTeammateLevelLowerThen(15)|CheckTimes(300)" name="新人导师" sub_catalog="" suffix="1|300" target="与15级以下玩家通关300次"/>
  <item achi_value="10" award="" catalog="综合" id="0x17010009" lua_script="Is2VSComputerMode()|IsComputerStep(3)|IsTeammateLevelDetal(5)|CheckTimes(20)" name="指导后进" sub_catalog="" suffix="1|20" target="与低于自己5级的玩家击杀boss20次"/>
  <item achi_value="10" award="" catalog="综合" id="0x17010010" lua_script="Is2VSComputerMode()|IsComputerStep(3)|IsTeammateLevelDetal(5)|CheckTimes(50)" name="协助后进" sub_catalog="" suffix="1|50" target="与低于自己5级的玩家击杀boss50次"/>
  <item achi_value="30" award="" catalog="综合" id="0x17010011" lua_script="Is2VSComputerMode()|IsComputerStep(3)|IsTeammateLevelDetal(5)|CheckTimes(100)" name="提携后进" sub_catalog="" suffix="1|100" target="与低于自己5级的玩家击杀boss100次"/>
  <item achi_value="30" award="明日之星_0x14c00f30_1个" catalog="综合" id="0x170a0001" lua_script="GetAchievement(0x17060014)|GetAchievement(0x17010008)|GetAchievement(0x17010011)" name="游戏达人" sub_catalog="" suffix="" target="完成万人迷、导师、提携后进成就"/>
  <item achi_value="0" award="通关之王_0x14c01c30_1个" catalog="活动" id="0x180a0001" lua_script="GetAchievement(0x131a0001)|GetAchievement(0x133a0001)|GetAchievement(0x132a0001)|GetAchievement(0x134a0001)" name="通关之王（史诗成就）" sub_catalog="" suffix="" target="完成通关王、保卫火山岛、老鼠克星、灭鼠天王成就"/>
  <item achi_value="0" award="成就之王_0x14c06a30_1个" catalog="活动" id="0x180a0002" lua_script="GetAchievement(0x180a0001)|GetAchievement(0x16030096)|GetAchievement(0x14040016)|GetAchievement(0x16030134)" name="新成就之王（史诗成就）" sub_catalog="" suffix="" target="完成通关之王、超强技能、竞技大师、强化5张13星卡成就"/>
  </achievement>
